{"v":"5.9.6","fr":25,"ip":0,"op":45,"w":36,"h":36,"nm":"neviconm6","ddd":0,"assets":[],"layers":[{"ddd":0,"ind":1,"ty":4,"nm":"2","parent":2,"sr":1,"ks":{"o":{"a":0,"k":100,"ix":11},"r":{"a":0,"k":0,"ix":10},"p":{"a":0,"k":[-0.5,-0.001,0],"ix":2,"l":2},"a":{"a":0,"k":[0,0,0],"ix":1,"l":2},"s":{"a":0,"k":[100,100,100],"ix":6,"l":2}},"ao":0,"shapes":[{"ty":"gr","it":[{"ind":0,"ty":"sh","ix":1,"ks":{"a":0,"k":{"i":[[-0.16,-0.12],[0,0],[-0.02,-0.04],[0,-0.08],[0,0],[0.28,0],[0,0.28],[0,0],[0,0],[0.14,0.24],[-0.24,0.14],[0,0]],"o":[[0,0],[0.03,0.03],[0.05,0.08],[0,0],[0,0.28],[-0.28,0],[0,0],[0,0],[-0.24,0.14],[-0.14,-0.24],[0,0],[0.19,-0.11]],"v":[[2.82,-2.391],[2.85,-2.351],[2.93,-2.251],[3,-2.011],[3,1.999],[2.5,2.499],[2,1.999],[2,-1.131],[1.45,-0.821],[0.77,-1.001],[0.95,-1.681],[2.25,-2.431]],"c":true},"ix":2},"nm":"Path 1","mn":"ADBE Vector Shape - Group","hd":false},{"ind":1,"ty":"sh","ix":2,"ks":{"a":0,"k":{"i":[[-0.28,0],[0,-0.28],[0,0],[0,0],[0,-0.28],[0.28,0],[0,0],[0,0],[0.28,0],[0,0.28],[0,0],[0,0],[0,0.28],[-0.28,0],[0,0],[0,0]],"o":[[0.28,0],[0,0],[0,0],[0.28,0],[0,0.28],[0,0],[0,0],[0,0.28],[-0.28,0],[0,0],[0,0],[-0.28,0],[0,-0.28],[0,0],[0,0],[0,-0.28]],"v":[[-1.5,-0.999],[-1,-0.499],[-1,0.001],[-0.5,0.001],[0,0.501],[-0.5,1.001],[-1,1.001],[-1,1.501],[-1.5,2.001],[-2,1.501],[-2,1.001],[-2.5,1.001],[-3,0.501],[-2.5,0.001],[-2,0.001],[-2,-0.499]],"c":true},"ix":2},"nm":"Path 2","mn":"ADBE Vector Shape - Group","hd":false},{"ty":"mm","mm":1,"nm":"Merge Paths 1","mn":"ADBE Vector Filter - Merge","hd":false},{"ty":"fl","c":{"a":0,"k":[1,1,1,1],"ix":4},"o":{"a":0,"k":100,"ix":5},"r":1,"bm":0,"nm":"Fill 1","mn":"ADBE Vector Graphic - Fill","hd":false},{"ty":"tr","p":{"a":0,"k":[0,0],"ix":2},"a":{"a":0,"k":[0,0],"ix":1},"s":{"a":0,"k":[100,100],"ix":3},"r":{"a":0,"k":0,"ix":6},"o":{"a":0,"k":100,"ix":7},"sk":{"a":0,"k":0,"ix":4},"sa":{"a":0,"k":0,"ix":5},"nm":"变换"}],"nm":"2","np":4,"cix":2,"bm":0,"ix":1,"mn":"ADBE Vector Group","hd":false}],"ip":0,"op":45,"st":0,"ct":1,"bm":0},{"ddd":0,"ind":2,"ty":4,"nm":"A","sr":1,"ks":{"o":{"a":0,"k":100,"ix":11},"r":{"a":0,"k":0,"ix":10},"p":{"a":0,"k":[27,9,0],"ix":2,"l":2},"a":{"a":0,"k":[0,0,0],"ix":1,"l":2},"s":{"a":1,"k":[{"i":{"x":[0.667,0.667,0.667],"y":[1,1,1]},"o":{"x":[0.333,0.333,0.333],"y":[0,0,0]},"t":5,"s":[100,100,100]},{"i":{"x":[0.667,0.667,0.667],"y":[1,1,1]},"o":{"x":[0.333,0.333,0.333],"y":[0,0,0]},"t":10,"s":[112,112,100]},{"i":{"x":[0.667,0.667,0.667],"y":[1,1,1]},"o":{"x":[0.333,0.333,0.333],"y":[0,0,0]},"t":12,"s":[0,0,100]},{"i":{"x":[0.833,0.833,0.833],"y":[1,1,1]},"o":{"x":[0.333,0.333,0.333],"y":[0,0,0]},"t":31,"s":[0,0,100]},{"i":{"x":[0.833,0.833,0.833],"y":[1,1,1]},"o":{"x":[0.167,0.167,0.167],"y":[0,0,0]},"t":36,"s":[112,112,100]},{"t":40,"s":[100,100,100]}],"ix":6,"l":2}},"ao":0,"shapes":[{"ty":"gr","it":[{"d":1,"ty":"el","s":{"a":0,"k":[16,16],"ix":2},"p":{"a":0,"k":[0,0],"ix":3},"nm":"Ellipse Path 1","mn":"ADBE Vector Shape - Ellipse","hd":false},{"ty":"st","c":{"a":0,"k":[1,1,1,1],"ix":3},"o":{"a":0,"k":100,"ix":4},"w":{"a":0,"k":1.5,"ix":5},"lc":1,"lj":1,"ml":4,"bm":0,"nm":"Stroke 1","mn":"ADBE Vector Graphic - Stroke","hd":false},{"ty":"fl","c":{"a":0,"k":[0.921568632126,0.215686276555,0,1],"ix":4},"o":{"a":0,"k":100,"ix":5},"r":1,"bm":0,"nm":"Fill 1","mn":"ADBE Vector Graphic - Fill","hd":false},{"ty":"tr","p":{"a":0,"k":[0,0],"ix":2},"a":{"a":0,"k":[0,0],"ix":1},"s":{"a":0,"k":[100,100],"ix":3},"r":{"a":0,"k":0,"ix":6},"o":{"a":0,"k":100,"ix":7},"sk":{"a":0,"k":0,"ix":4},"sa":{"a":0,"k":0,"ix":5},"nm":"变换"}],"nm":"A","np":3,"cix":2,"bm":0,"ix":1,"mn":"ADBE Vector Group","hd":false}],"ip":0,"op":45,"st":0,"ct":1,"bm":0},{"ddd":0,"ind":3,"ty":4,"nm":"B3","parent":5,"sr":1,"ks":{"o":{"a":0,"k":100,"ix":11},"r":{"a":0,"k":0,"ix":10},"p":{"a":0,"k":[0.062,-2.698,0],"ix":2,"l":2},"a":{"a":0,"k":[0,0,0],"ix":1,"l":2},"s":{"a":0,"k":[100,100,100],"ix":6,"l":2}},"ao":0,"shapes":[{"ty":"gr","it":[{"ind":0,"ty":"sh","ix":1,"ks":{"a":0,"k":{"i":[[1.65,0],[0,-1.65],[-1.65,0],[0,1.65]],"o":[[-1.65,0],[0,1.65],[1.65,0],[0,-1.65]],"v":[[0,-3],[-3,0],[0,3],[3,0]],"c":true},"ix":2},"nm":"Path 1","mn":"ADBE Vector Shape - Group","hd":false},{"ty":"fl","c":{"a":0,"k":[0.984313725490196,0.10196078431372549,0.06666666666666667,1],"ix":4},"o":{"a":0,"k":100,"ix":5},"r":1,"bm":0,"nm":"Fill 1","mn":"ADBE Vector Graphic - Fill","hd":false},{"ty":"tr","p":{"a":0,"k":[0,0],"ix":2},"a":{"a":0,"k":[0,0],"ix":1},"s":{"a":0,"k":[100,100],"ix":3},"r":{"a":0,"k":0,"ix":6},"o":{"a":0,"k":100,"ix":7},"sk":{"a":0,"k":0,"ix":4},"sa":{"a":0,"k":0,"ix":5},"nm":"变换"}],"nm":"B3","np":2,"cix":2,"bm":0,"ix":1,"mn":"ADBE Vector Group","hd":false}],"ip":0,"op":45,"st":0,"ct":1,"bm":0},{"ddd":0,"ind":4,"ty":4,"nm":"B2","parent":5,"sr":1,"ks":{"o":{"a":0,"k":100,"ix":11},"r":{"a":0,"k":0,"ix":10},"p":{"a":0,"k":[-0.168,-2.948,0],"ix":2,"l":2},"a":{"a":0,"k":[0,0,0],"ix":1,"l":2},"s":{"a":0,"k":[100,100,100],"ix":6,"l":2}},"ao":0,"shapes":[{"ty":"gr","it":[{"ind":0,"ty":"sh","ix":1,"ks":{"a":0,"k":{"i":[[-2.06,0],[0,-2.06],[2.06,0],[0,2.06]],"o":[[2.06,0],[0,2.06],[-2.06,0],[0,-2.06]],"v":[[0,-3.75],[3.75,0],[0,3.75],[-3.75,0]],"c":true},"ix":2},"nm":"Path 1","mn":"ADBE Vector Shape - Group","hd":false},{"ty":"gf","o":{"a":0,"k":100,"ix":10},"r":1,"bm":0,"g":{"p":3,"k":{"a":0,"k":[0,1,0.9529411764705882,0.9176470588235294,0.5,1,0.8666666666666667,0.788235294117647,1,1,0.8117647058823529,0.7215686274509804],"ix":9}},"s":{"a":0,"k":[3.227,1.944],"ix":5},"e":{"a":0,"k":[-2.092,-2.233],"ix":6},"t":1,"nm":"Gradient Fill 1","mn":"ADBE Vector Graphic - G-Fill","hd":false},{"ty":"tr","p":{"a":0,"k":[0,0],"ix":2},"a":{"a":0,"k":[0,0],"ix":1},"s":{"a":0,"k":[100,100],"ix":3},"r":{"a":0,"k":0,"ix":6},"o":{"a":0,"k":100,"ix":7},"sk":{"a":0,"k":0,"ix":4},"sa":{"a":0,"k":0,"ix":5},"nm":"变换"}],"nm":"B2","np":2,"cix":2,"bm":0,"ix":1,"mn":"ADBE Vector Group","hd":false}],"ip":0,"op":45,"st":0,"ct":1,"bm":0},{"ddd":0,"ind":5,"ty":4,"nm":"B1","sr":1,"ks":{"o":{"a":0,"k":100,"ix":11},"r":{"a":0,"k":0,"ix":10},"p":{"a":1,"k":[{"i":{"x":0.833,"y":0.833},"o":{"x":0.333,"y":0.333},"t":0,"s":[16.875,31.011,0],"to":[0,0,0],"ti":[0,0,0]},{"i":{"x":0.667,"y":1},"o":{"x":0.333,"y":0},"t":24,"s":[16.875,31.011,0],"to":[0.021,-1,0],"ti":[0,0,0]},{"i":{"x":0.667,"y":1},"o":{"x":0.333,"y":0},"t":27,"s":[17,25.011,0],"to":[0,0,0],"ti":[0.021,-1,0]},{"t":31,"s":[16.875,31.011,0]}],"ix":2,"l":2},"a":{"a":0,"k":[0.062,11.812,0],"ix":1,"l":2},"s":{"a":1,"k":[{"i":{"x":[0.667,0.667,0.667],"y":[1,1,1]},"o":{"x":[0.333,0.333,0.333],"y":[0,0,0]},"t":14,"s":[100,100,100]},{"i":{"x":[0.667,0.667,0.667],"y":[1,1,1]},"o":{"x":[0.333,0.333,0.333],"y":[0,0,0]},"t":17,"s":[50,100,100]},{"i":{"x":[0.667,0.667,0.667],"y":[1,1,1]},"o":{"x":[0.333,0.333,0.333],"y":[0,0,0]},"t":21,"s":[120,40,100]},{"i":{"x":[0.833,0.833,0.833],"y":[1,1,1]},"o":{"x":[0.167,0.167,0.167],"y":[0,0,0]},"t":24,"s":[100,100,100]},{"i":{"x":[0.833,0.833,0.833],"y":[1,1,1]},"o":{"x":[0.167,0.167,0.167],"y":[0,0,0]},"t":27,"s":[50,100,100]},{"t":31,"s":[100,100,100]}],"ix":6,"l":2}},"ao":0,"shapes":[{"ty":"gr","it":[{"ind":0,"ty":"sh","ix":1,"ks":{"a":0,"k":{"i":[[-4.97,0],[0,-4.81],[0.53,-1.14],[0,0],[0.03,-0.05],[0,0],[0,0],[0,0],[0,0],[0,0],[0,0],[0,0],[0,0],[0,0],[0,0],[0,0],[0,0],[0,0],[0,0],[0,0],[0,0],[0,0],[0,0],[0,0],[0,0],[0,0],[0,0],[0,0],[0,0],[0,0],[0,0],[0,0],[0.33,0.25],[0.04,0.05],[0,0],[0,0],[0,0],[0,0],[0,0],[0,0],[0,0],[0,0],[0,0],[0,0],[0,0],[0,0],[0,0],[0,0],[0,0],[0,0],[0,0],[0,0],[0,0],[0,0],[0,0],[0,0],[0,0],[0,0],[0,0],[0,0],[0,0],[0,0],[0,0],[0,0],[0,1.33]],"o":[[4.97,0],[0,1.26],[0,0],[-0.02,0.05],[0,0],[0,0],[0,0],[0,0],[0,0],[0,0],[0,0],[0,0],[0,0],[0,0],[0,0],[0,0],[0,0],[0,0],[0,0],[0,0],[0,0],[0,0],[0,0],[0,0],[0,0],[0,0],[0,0],[0,0],[0,0],[0,0],[0,0],[-0.25,0.33],[-0.05,-0.04],[0,0],[0,0],[0,0],[0,0],[0,0],[0,0],[0,0],[0,0],[0,0],[0,0],[0,0],[0,0],[0,0],[0,0],[0,0],[0,0],[0,0],[0,0],[0,0],[0,0],[0,0],[0,0],[0,0],[0,0],[0,0],[0,0],[0,0],[0,0],[0,0],[0,0],[-0.51,-1.02],[0,-4.81]],"v":[[0,-11.761],[9,-3.061],[8.22,0.479],[8.09,0.749],[8.02,0.889],[7.85,1.209],[7.85,1.209],[7.66,1.539],[7.66,1.539],[7.44,1.909],[7.44,1.909],[7.07,2.509],[7.07,2.509],[6.64,3.169],[6.64,3.169],[6.33,3.649],[6.33,3.649],[5.81,4.409],[5.81,4.409],[5.43,4.949],[5.43,4.949],[4.81,5.819],[4.81,5.819],[4.15,6.749],[4.15,6.749],[3.17,8.079],[3.17,8.079],[2.09,9.519],[2.09,9.519],[0.91,11.059],[0.91,11.059],[0.6,11.469],[-0.45,11.609],[-0.59,11.469],[-1.76,9.929],[-1.76,9.929],[-2.58,8.849],[-2.58,8.849],[-3.59,7.499],[-3.59,7.499],[-4.5,6.259],[-4.5,6.259],[-5.12,5.399],[-5.12,5.399],[-5.51,4.859],[-5.51,4.859],[-6.2,3.859],[-6.2,3.859],[-6.51,3.389],[-6.51,3.389],[-6.93,2.749],[-6.93,2.749],[-7.3,2.169],[-7.3,2.169],[-7.52,1.819],[-7.52,1.819],[-7.71,1.489],[-7.71,1.489],[-7.88,1.189],[-7.88,1.189],[-8.02,0.919],[-8.02,0.919],[-8.14,0.669],[-8.14,0.669],[-9,-3.061]],"c":true},"ix":2},"nm":"Path 1","mn":"ADBE Vector Shape - Group","hd":false},{"ty":"gf","o":{"a":0,"k":100,"ix":10},"r":1,"bm":0,"g":{"p":3,"k":{"a":0,"k":[0,1,0.8392156862745098,0.792156862745098,0.5,1,0.8980392156862745,0.8235294117647058,1,1,1,1],"ix":9}},"s":{"a":0,"k":[4.412,3.868],"ix":5},"e":{"a":0,"k":[-5.821,-8.529],"ix":6},"t":1,"nm":"Gradient Fill 1","mn":"ADBE Vector Graphic - G-Fill","hd":false},{"ty":"tr","p":{"a":0,"k":[0,0],"ix":2},"a":{"a":0,"k":[0,0],"ix":1},"s":{"a":0,"k":[100,100],"ix":3},"r":{"a":0,"k":0,"ix":6},"o":{"a":0,"k":100,"ix":7},"sk":{"a":0,"k":0,"ix":4},"sa":{"a":0,"k":0,"ix":5},"nm":"变换"}],"nm":"B1","np":2,"cix":2,"bm":0,"ix":1,"mn":"ADBE Vector Group","hd":false}],"ip":0,"op":45,"st":0,"ct":1,"bm":0},{"ddd":0,"ind":6,"ty":4,"nm":"B4","parent":5,"sr":1,"ks":{"o":{"a":0,"k":100,"ix":11},"r":{"a":0,"k":0,"ix":10},"p":{"a":0,"k":[-0.04,-0.139,0],"ix":2,"l":2},"a":{"a":0,"k":[0,0,0],"ix":1,"l":2},"s":{"a":0,"k":[100,100,100],"ix":6,"l":2}},"ao":0,"shapes":[{"ty":"gr","it":[{"ind":0,"ty":"sh","ix":1,"ks":{"a":0,"k":{"i":[[-4.97,0],[0,-4.81],[0.53,-1.14],[0,0],[0.03,-0.05],[0,0],[0,0],[0,0],[0,0],[0,0],[0,0],[0,0],[0,0],[0,0],[0,0],[0,0],[0,0],[0,0],[0,0],[0.33,0.25],[0.04,0.05],[0,0],[0,0],[0,0],[0,0],[0,0],[0,0],[0,0],[0,0],[0,0],[0,0],[0,0],[0,0],[0,0],[0,0],[0,0],[0,1.33]],"o":[[4.97,0],[0,1.26],[0,0],[-0.02,0.05],[0,0],[0,0],[0,0],[0,0],[0,0],[0,0],[0,0],[0,0],[0,0],[0,0],[0,0],[0,0],[0,0],[0,0],[-0.25,0.33],[-0.05,-0.04],[0,0],[0,0],[0,0],[0,0],[0,0],[0,0],[0,0],[0,0],[0,0],[0,0],[0,0],[0,0],[0,0],[0,0],[0,0],[-0.51,-1.02],[0,-4.81]],"v":[[0,-11.761],[9,-3.061],[8.22,0.479],[8.09,0.749],[8.02,0.889],[7.85,1.209],[7.66,1.539],[7.44,1.909],[7.07,2.509],[6.64,3.169],[6.33,3.649],[5.81,4.409],[5.43,4.949],[4.81,5.819],[4.15,6.749],[3.17,8.079],[2.09,9.519],[0.91,11.059],[0.6,11.469],[-0.45,11.609],[-0.59,11.469],[-1.76,9.929],[-2.58,8.849],[-3.59,7.499],[-4.5,6.259],[-5.12,5.399],[-5.51,4.859],[-6.2,3.859],[-6.51,3.389],[-6.93,2.749],[-7.3,2.169],[-7.52,1.819],[-7.71,1.489],[-7.88,1.189],[-8.02,0.919],[-8.14,0.669],[-9,-3.061]],"c":true},"ix":2},"nm":"Path 1","mn":"ADBE Vector Shape - Group","hd":false},{"ty":"fl","c":{"a":0,"k":[1,0.8862745098039215,0.8431372549019608,1],"ix":4},"o":{"a":0,"k":100,"ix":5},"r":1,"bm":0,"nm":"Fill 1","mn":"ADBE Vector Graphic - Fill","hd":false},{"ty":"tr","p":{"a":0,"k":[0,0],"ix":2},"a":{"a":0,"k":[0,0],"ix":1},"s":{"a":0,"k":[100,100],"ix":3},"r":{"a":0,"k":0,"ix":6},"o":{"a":0,"k":100,"ix":7},"sk":{"a":0,"k":0,"ix":4},"sa":{"a":0,"k":0,"ix":5},"nm":"变换"}],"nm":"B1","np":2,"cix":2,"bm":0,"ix":1,"mn":"ADBE Vector Group","hd":false}],"ip":0,"op":45,"st":0,"ct":1,"bm":0},{"ddd":0,"ind":7,"ty":4,"nm":"B","parent":5,"sr":1,"ks":{"o":{"a":0,"k":100,"ix":11},"r":{"a":0,"k":0,"ix":10},"p":{"a":0,"k":[0.69,-0.38,0],"ix":2,"l":2},"a":{"a":0,"k":[0,0,0],"ix":1,"l":2},"s":{"a":0,"k":[100,100,100],"ix":6,"l":2}},"ao":0,"shapes":[{"ty":"gr","it":[{"ind":0,"ty":"sh","ix":1,"ks":{"a":0,"k":{"i":[[-5.25,0],[0,-5.07],[0.56,-1.2],[0,0],[0,0],[0,0],[0,0],[0,0],[0,0],[0,0],[0,0],[0,0],[0,0],[0,0],[0,0],[0.57,0.44],[0.06,0.07],[0,0],[0,0],[0,0],[0,0],[0,0],[0,0],[0,0],[0,0],[0,0],[0,0],[0,0],[0,0],[0,0],[0,1.41]],"o":[[5.25,0],[0,1.33],[0,0],[0,0],[0,0],[0,0],[0,0],[0,0],[0,0],[0,0],[0,0],[0,0],[0,0],[0,0],[-0.43,0.57],[-0.07,-0.05],[0,0],[0,0],[0,0],[0,0],[0,0],[0,0],[0,0],[0,0],[0,0],[0,0],[0,0],[0,0],[0,0],[-0.54,-1.08],[0,-5.07]],"v":[[0,-12.308],[9.5,-3.128],[8.68,0.612],[8.6,0.772],[8.5,0.952],[8.31,1.282],[8.07,1.672],[7.67,2.292],[7.19,3.012],[6.62,3.832],[5.96,4.762],[5.21,5.802],[3.92,7.562],[2.18,9.912],[0.76,11.792],[-1.06,12.042],[-1.26,11.862],[-1.34,11.762],[-2.39,10.282],[-3.59,8.582],[-4.66,7.042],[-5.41,5.922],[-5.93,5.152],[-6.68,4.002],[-7.31,3.022],[-7.73,2.342],[-8.07,1.772],[-8.33,1.312],[-8.52,0.952],[-8.59,0.812],[-9.5,-3.128]],"c":true},"ix":2},"nm":"Path 1","mn":"ADBE Vector Shape - Group","hd":false},{"ty":"gf","o":{"a":0,"k":100,"ix":10},"r":1,"bm":0,"g":{"p":3,"k":{"a":0,"k":[0,1,0.8588235294117647,0.7568627450980392,0.5,0.9921568627450981,0.8941176470588236,0.8352941176470589,1,1,0.8745098039215686,0.8117647058823529],"ix":9}},"s":{"a":0,"k":[-3.884,-11.413],"ix":5},"e":{"a":0,"k":[7.12,2.1],"ix":6},"t":1,"nm":"Gradient Fill 1","mn":"ADBE Vector Graphic - G-Fill","hd":false},{"ty":"tr","p":{"a":0,"k":[0,0],"ix":2},"a":{"a":0,"k":[0,0],"ix":1},"s":{"a":0,"k":[100,100],"ix":3},"r":{"a":0,"k":0,"ix":6},"o":{"a":0,"k":100,"ix":7},"sk":{"a":0,"k":0,"ix":4},"sa":{"a":0,"k":0,"ix":5},"nm":"变换"}],"nm":"B","np":2,"cix":2,"bm":0,"ix":1,"mn":"ADBE Vector Group","hd":false}],"ip":0,"op":45,"st":0,"ct":1,"bm":0},{"ddd":0,"ind":8,"ty":4,"nm":"Shape Layer 1","sr":1,"ks":{"o":{"a":0,"k":100,"ix":11},"r":{"a":0,"k":0,"ix":10},"p":{"a":0,"k":[17,31,0],"ix":2,"l":2},"a":{"a":0,"k":[0,0,0],"ix":1,"l":2},"s":{"a":1,"k":[{"i":{"x":[0.667,0.667,0.667],"y":[1,1,1]},"o":{"x":[0.333,0.333,0.333],"y":[0,0,0]},"t":24,"s":[43.871,10.204,100]},{"i":{"x":[0.667,0.667,0.667],"y":[1,1,1]},"o":{"x":[0.333,0.333,0.333],"y":[0,0,0]},"t":27,"s":[20,4.652,100]},{"t":31,"s":[43.871,10.204,100]}],"ix":6,"l":2}},"ao":0,"shapes":[{"ty":"gr","it":[{"d":1,"ty":"el","s":{"a":0,"k":[29.977,29.977],"ix":2},"p":{"a":0,"k":[0,0],"ix":3},"nm":"Ellipse Path 1","mn":"ADBE Vector Shape - Ellipse","hd":false},{"ty":"st","c":{"a":0,"k":[1,1,1,1],"ix":3},"o":{"a":0,"k":100,"ix":4},"w":{"a":0,"k":0,"ix":5},"lc":1,"lj":1,"ml":4,"bm":0,"nm":"Stroke 1","mn":"ADBE Vector Graphic - Stroke","hd":false},{"ty":"gf","o":{"a":0,"k":100,"ix":10},"r":1,"bm":0,"g":{"p":5,"k":{"a":0,"k":[0,0.973,0.529,0.125,0.225,0.973,0.529,0.125,0.451,0.973,0.529,0.125,0.658,0.973,0.529,0.125,0.984,0.973,0.529,0.125,0,1,0.5,0.5,1,0],"ix":9}},"s":{"a":0,"k":[0.038,0.142],"ix":5},"e":{"a":0,"k":[13.141,0.588],"ix":6},"t":2,"h":{"a":0,"k":0,"ix":7},"a":{"a":0,"k":0,"ix":8},"nm":"Gradient Fill 1","mn":"ADBE Vector Graphic - G-Fill","hd":false},{"ty":"tr","p":{"a":0,"k":[0.378,0.79],"ix":2},"a":{"a":0,"k":[0,0],"ix":1},"s":{"a":0,"k":[100,100],"ix":3},"r":{"a":0,"k":0,"ix":6},"o":{"a":0,"k":100,"ix":7},"sk":{"a":0,"k":0,"ix":4},"sa":{"a":0,"k":0,"ix":5},"nm":"变换"}],"nm":"Ellipse 1","np":3,"cix":2,"bm":0,"ix":1,"mn":"ADBE Vector Group","hd":false}],"ip":0,"op":45,"st":0,"ct":1,"bm":0}],"markers":[]}
