{
    "gobal":{
        "mainColor":"#333",
        "separatorLineColor":"#333",
        "textColor":"#333",
        "grayTextColor":"#333",
        "bgColor":"#fff"
    },
    "subNav":{
        "itemTextColor":"#990000",
        "itemTextColorSelected":"#FFFFFF",
        "itemBgImageSelected":"images\/item_bg_image_selected",
        "itemBgShadowSelected":"images\/item_bg_shadow_selected",
        "menuIconImage":"images\/menu_icon_img"
    },
    "homeTabBar":{
        "news":{
            "textColor":"#999999",
            "textColorSelected":"#333333",
            "iconImage":"images\/icon_tabbar_news",
            "iconImageSelected":"images\/icon_tabbar_news"
        },
        "video":{
            "textColor":"#999999",
            "textColorSelected":"#333333",
            "iconImage":"images\/icon_tabbar_video",
            "iconImageSelected":"images\/icon_tabbar_video"
        },
        "subscription":{
            "textColor":"#999999",
            "textColorSelected":"#333333",
            "iconImage":"images\/icon_tabbar_sub",
            "iconImageSelected":"images\/icon_tabbar_sub"
        },
        "activity":{
            "textColor":"#999999",
            "textColorSelected":"#333333",
            "iconImage":"images\/icon_tabbar_activity",
            "iconImageSelected":"images\/icon_tabbar_activity"
        },
        "mine":{
            "textColor":"#999999",
            "textColorSelected":"#333333",
            "iconImage":"images\/icon_tabbar_mine",
            "iconImageSelected":"images\/icon_tabbar_mine"
        }
    },
    "news":{
        "topBar":{
            "bgImage":"nav_background",
            "logoImage":"nav_logo",
            "LBSName":"lbs_logo",
            "searchInputBgColor":"#333",
            "searchInputTextColor":"#333"
        },
        "cell":{
            "textColor":"#333",
            "secondTextColor":"#999",
            "volumeIconImage":"volume_img",
            "likeIconImage":"like_icon_img",
            "tagTextColor":"#333"
        },
        "styleCard":{
            "titleTextColor":"#333",
            "buttonMoreTextColor":"#333",
            "subscriptionNameColor":"#333",
            "textColor":"#333",
            "secondTextColor":"#333",
            "videoTextColor":"#333"
        },
        "other":{
            "reportIconImage":"image",
            "statusBarStyle":"light"
        }
    }
}