{
    "subNav":{
        "itemTextColor":"#9F9F9F",
        "itemTextColorSelected":"#FFFFFF",
        "itemBgImageSelected":"images\/item_bg_image_selected",
        "itemBgShadowSelected":"images\/item_bg_shadow_selected",
        "menuIconImage":"images\/menu_icon_img"
    },
    "homeTabBar":{
        "news":{
            "textColor":"#333333",
            "textColorSelected":"#EB3700",
            "iconImage":"images\/icon_tabbar_news",
            "iconImageSelected":"images\/icon_tabbar_news_sel",
            "iconJson":"images\/tab_home_animate.json"
        },
        "video":{
            "textColor":"#333333",
            "textColorSelected":"#EB3700",
            "iconImage":"images\/icon_tabbar_video",
            "iconImageSelected":"images\/icon_tabbar_video_sel",
            "iconJson":"images\/tab_video_animate.json"
        },
        "subscription":{
            "textColor":"#333333",
            "textColorSelected":"#EB3700",
            "iconImage":"images\/icon_tabbar_sub",
            "iconImageSelected":"images\/icon_tabbar_sub_sel",
            "iconJson":"images\/tab_subsc_animate.json"
        },
        "activity":{
            "textColor":"#333333",
            "textColorSelected":"#EB3700",
            "iconImage":"images\/icon_tabbar_activity",
            "iconImageSelected":"images\/icon_tabbar_activity_sel",
            "iconJson":"images\/tab_activity_animate.json"
        },
        "mine":{
            "textColor":"#333333",
            "textColorSelected":"#EB3700",
            "iconImage":"images\/icon_tabbar_mine",
            "iconImageSelected":"images\/icon_tabbar_mine_sel",
            "iconJson":"images\/tab_mine_animate.json"
        }
    },
    "news":{
        "topBar":{
            "bgImage":"nav_background",
            "logoImage":"nav_logo",
            "LBSName":"images\/lbs_logo.json"
        },
        "mine":{
        	"headerBgImage":"nav_background"
        },
        "other":{
            "reportIconImage":"image",
            "statusBarStyle":"light"
        }
    }
}